"","make","year","m22","mean_disp","oil","yr"
"1","Acura",1986,50,2,31.6,"86"
"2","Acura",1987,33.3,2.3,38.95,"87"
"3","Acura",1988,50,2.2,30.28,"88"
"4","Acura",1989,50,2.2,35.28,"89"
"5","Acura",1990,50,2.2,43.57,"90"
"6","Acura",1991,33.3,2.7,35.25,"91"
"7","Acura",1992,33.3,2.5,33.05,"92"
"8","Acura",1993,27.3,2.6,28.19,"93"
"9","Acura",1994,27.3,2.7,25.62,"94"
"10","Acura",1995,30,2.7,26.8,"95"
"11","Acura",1996,30,2.7,31.62,"96"
"12","Acura",1997,45.5,2.6,28.55,"97"
"13","Acura",1998,41.7,2.7,18.72,"98"
"14","Acura",1999,45.5,2.7,25.89,"99"
"15","Acura",2000,42.9,2.6,39.72,"00"
"16","Acura",2001,33.3,2.8,33.13,"01"
"17","Acura",2002,33.3,2.8,33.38,"02"
"18","Acura",2003,30,2.9,37.61,"03"
"19","Acura",2004,45.5,2.8,48.62,"04"
"20","Acura",2005,45.5,2.8,67,"05"
"21","Acura",2006,55.6,2.7,77.55,"06"
"22","Acura",2007,25,3.1,83.79,"07"
"23","Acura",2008,25,3.1,108.42,"08"
"24","Acura",2009,28.6,3.1,68.99,"09"
"25","Acura",2010,18.2,3.2,87.5,"10"
"26","Acura",2011,33.3,3.1,118.71,"11"
"27","Acura",2012,41.7,3.1,116.73,"12"
"28","Acura",2013,71.4,3,111.95,"13"
"29","Acura",2014,81.2,3,100.31,"14"
"30","Acura",2015,90,3.1,53.05,"15"
"31","Acura",2016,91.7,3.3,43.73,"16"
"32","Alfa Romeo",1984,0,2.2,66.48,"84"
"33","Alfa Romeo",1985,0,2.2,61.47,"85"
"34","Alfa Romeo",1986,0,2.2,31.6,"86"
"35","Alfa Romeo",1987,0,2.5,38.95,"87"
"36","Alfa Romeo",1988,0,2.5,30.28,"88"
"37","Alfa Romeo",1989,0,2.5,35.28,"89"
"38","Alfa Romeo",1990,100,2,43.57,"90"
"39","Alfa Romeo",1991,20,2.6,35.25,"91"
"40","Alfa Romeo",1992,20,2.6,33.05,"92"
"41","Alfa Romeo",1993,20,2.6,28.19,"93"
"42","Alfa Romeo",1994,33.3,2.7,25.62,"94"
"43","Alfa Romeo",1995,0,3,26.8,"95"
"44","Alfa Romeo",2009,0,4.7,68.99,"09"
"45","Alfa Romeo",2015,100,1.8,53.05,"15"
"46","Alfa Romeo",2016,100,1.8,43.73,"16"
"47","Aston Martin",1984,0,5.3,66.48,"84"
"48","Aston Martin",1985,0,5.3,61.47,"85"
"49","Aston Martin",1987,0,5.3,38.95,"87"
"50","Aston Martin",1988,0,5.3,30.28,"88"
"51","Aston Martin",1989,0,5.3,35.28,"89"
"52","Aston Martin",1991,0,5.3,35.25,"91"
"53","Aston Martin",1992,0,5.3,33.05,"92"
"54","Aston Martin",1993,0,5.3,28.19,"93"
"55","Aston Martin",1997,0,3.2,28.55,"97"
"56","Aston Martin",1998,0,3.2,18.72,"98"
"57","Aston Martin",2000,0,5.9,39.72,"00"
"58","Aston Martin",2002,0,5.9,33.38,"02"
"59","Aston Martin",2003,0,5.9,37.61,"03"
"60","Aston Martin",2004,0,5.9,48.62,"04"
"61","Aston Martin",2005,0,5.9,67,"05"
"62","Aston Martin",2006,0,5.6,77.55,"06"
"63","Aston Martin",2007,0,5.4,83.79,"07"
"64","Aston Martin",2008,0,5.4,108.42,"08"
"65","Aston Martin",2009,0,5.5,68.99,"09"
"66","Aston Martin",2010,0,5.6,87.5,"10"
"67","Aston Martin",2011,0,5.5,118.71,"11"
"68","Aston Martin",2012,0,5.5,116.73,"12"
"69","Aston Martin",2013,0,4.9,111.95,"13"
"70","Aston Martin",2014,0,5.2,100.31,"14"
"71","Aston Martin",2015,0,5.2,53.05,"15"
"72","Aston Martin",2016,0,5.2,43.73,"16"
"73","Audi",1984,7.7,2.1,66.48,"84"
"74","Audi",1985,15.4,2.1,61.47,"85"
"75","Audi",1986,15.4,2.1,31.6,"86"
"76","Audi",1987,10,2.2,38.95,"87"
"77","Audi",1988,15.4,2.2,30.28,"88"
"78","Audi",1989,14.3,2.2,35.28,"89"
"79","Audi",1990,13.3,2.4,43.57,"90"
"80","Audi",1991,0,2.5,35.25,"91"
"81","Audi",1992,0,2.7,33.05,"92"
"82","Audi",1993,0,2.9,28.19,"93"
"83","Audi",1994,0,2.9,25.62,"94"
"84","Audi",1995,0,2.7,26.8,"95"
"85","Audi",1996,0,2.8,31.62,"96"
"86","Audi",1997,0,2.8,28.55,"97"
"87","Audi",1998,17.6,2.7,18.72,"98"
"88","Audi",1999,23.5,2.6,25.89,"99"
"89","Audi",2000,15.4,2.6,39.72,"00"
"90","Audi",2001,16.1,2.6,33.13,"01"
"91","Audi",2002,9.4,2.7,33.38,"02"
"92","Audi",2003,10,2.8,37.61,"03"
"93","Audi",2004,16.7,2.9,48.62,"04"
"94","Audi",2005,29.3,2.9,67,"05"
"95","Audi",2006,25.7,3,77.55,"06"
"96","Audi",2007,28.6,3.4,83.79,"07"
"97","Audi",2008,25,3.4,108.42,"08"
"98","Audi",2009,32.5,3.2,68.99,"09"
"99","Audi",2010,42.4,3.1,87.5,"10"
"100","Audi",2011,41.7,3.2,118.71,"11"
"101","Audi",2012,47.2,3.2,116.73,"12"
"102","Audi",2013,45.9,2.8,111.95,"13"
"103","Audi",2014,23.7,3.4,100.31,"14"
"104","Audi",2015,43.2,3.2,53.05,"15"
"105","Audi",2016,62.5,2.7,43.73,"16"
"106","Bentley",1998,0,6.7,18.72,"98"
"107","Bentley",1999,0,6.5,25.89,"99"
"108","Bentley",2000,0,6.3,39.72,"00"
"109","Bentley",2001,0,6.8,33.13,"01"
"110","Bentley",2002,0,6.8,33.38,"02"
"111","Bentley",2003,0,6.8,37.61,"03"
"112","Bentley",2004,0,6.5,48.62,"04"
"113","Bentley",2005,0,6.5,67,"05"
"114","Bentley",2006,0,6.4,77.55,"06"
"115","Bentley",2007,0,6.3,83.79,"07"
"116","Bentley",2008,0,6.3,108.42,"08"
"117","Bentley",2009,0,6.4,68.99,"09"
"118","Bentley",2010,0,6.3,87.5,"10"
"119","Bentley",2011,0,6.8,118.71,"11"
"120","Bentley",2012,0,6.8,116.73,"12"
"121","Bentley",2013,0,4.9,111.95,"13"
"122","Bentley",2014,0,4.9,100.31,"14"
"123","Bentley",2015,0,4.6,53.05,"15"
"124","Bentley",2016,0,5.3,43.73,"16"
"125","BMW",1984,25,2.7,66.48,"84"
"126","BMW",1985,8.3,2.9,61.47,"85"
"127","BMW",1986,0,3.1,31.6,"86"
"128","BMW",1987,0,3.1,38.95,"87"
"129","BMW",1988,0,3,30.28,"88"
"130","BMW",1989,0,3.2,35.28,"89"
"131","BMW",1990,0,3,43.57,"90"
"132","BMW",1991,0,3,35.25,"91"
"133","BMW",1992,5.6,3.1,33.05,"92"
"134","BMW",1993,12.5,3.2,28.19,"93"
"135","BMW",1994,15.4,3,25.62,"94"
"136","BMW",1995,11.5,3.1,26.8,"95"
"137","BMW",1996,47.1,2.9,31.62,"96"
"138","BMW",1997,48.4,2.8,28.55,"97"
"139","BMW",1998,21.4,3,18.72,"98"
"140","BMW",1999,10.8,3.1,25.89,"99"
"141","BMW",2000,0,3.2,39.72,"00"
"142","BMW",2001,0,3.2,33.13,"01"
"143","BMW",2002,6.5,3.1,33.38,"02"
"144","BMW",2003,5.9,3.2,37.61,"03"
"145","BMW",2004,6.2,3.2,48.62,"04"
"146","BMW",2005,1.7,3.3,67,"05"
"147","BMW",2006,0,3.5,77.55,"06"
"148","BMW",2007,10.8,3.6,83.79,"07"
"149","BMW",2008,7.8,3.5,108.42,"08"
"150","BMW",2009,6.9,3.5,68.99,"09"
"151","BMW",2010,13.6,3.6,87.5,"10"
"152","BMW",2011,27.2,3.5,118.71,"11"
"153","BMW",2012,29.8,3.4,116.73,"12"
"154","BMW",2013,39.4,3.4,111.95,"13"
"155","BMW",2014,57.3,3.2,100.31,"14"
"156","BMW",2015,58.2,3.2,53.05,"15"
"157","BMW",2016,59,3,43.73,"16"
"158","Buick",1984,34.3,3.2,66.48,"84"
"159","Buick",1985,30.6,3.1,61.47,"85"
"160","Buick",1986,36.7,2.9,31.6,"86"
"161","Buick",1987,41.4,3,38.95,"87"
"162","Buick",1988,52,2.8,30.28,"88"
"163","Buick",1989,34.8,3,35.28,"89"
"164","Buick",1990,17.6,3.4,43.57,"90"
"165","Buick",1991,17.6,3.4,35.25,"91"
"166","Buick",1992,10,3.8,33.05,"92"
"167","Buick",1993,11.1,3.6,28.19,"93"
"168","Buick",1994,26.7,3.6,25.62,"94"
"169","Buick",1995,11.8,3.6,26.8,"95"
"170","Buick",1996,13.3,3.8,31.62,"96"
"171","Buick",1997,10,3.5,28.55,"97"
"172","Buick",1998,11.1,3.5,18.72,"98"
"173","Buick",1999,0,3.7,25.89,"99"
"174","Buick",2000,0,3.7,39.72,"00"
"175","Buick",2001,0,3.7,33.13,"01"
"176","Buick",2002,0,3.6,33.38,"02"
"177","Buick",2003,0,3.6,37.61,"03"
"178","Buick",2004,0,4,48.62,"04"
"179","Buick",2005,0,3.9,67,"05"
"180","Buick",2006,0,4,77.55,"06"
"181","Buick",2007,0,4.2,83.79,"07"
"182","Buick",2008,0,4.1,108.42,"08"
"183","Buick",2009,0,4.1,68.99,"09"
"184","Buick",2010,12.5,3.5,87.5,"10"
"185","Buick",2011,28.6,3.4,118.71,"11"
"186","Buick",2012,71.4,2.6,116.73,"12"
"187","Buick",2013,75,2.4,111.95,"13"
"188","Buick",2014,78.6,2.4,100.31,"14"
"189","Buick",2015,78.6,2.4,53.05,"15"
"190","Buick",2016,83.3,2.2,43.73,"16"
"191","Cadillac",1984,15.4,3.6,66.48,"84"
"192","Cadillac",1985,23.5,3.3,61.47,"85"
"193","Cadillac",1986,11.1,3.4,31.6,"86"
"194","Cadillac",1987,20,3.5,38.95,"87"
"195","Cadillac",1988,0,4.1,30.28,"88"
"196","Cadillac",1989,0,4.6,35.28,"89"
"197","Cadillac",1990,0,4.7,43.57,"90"
"198","Cadillac",1991,0,5,35.25,"91"
"199","Cadillac",1992,0,5,33.05,"92"
"200","Cadillac",1993,0,4.9,28.19,"93"
"201","Cadillac",1994,0,4.9,25.62,"94"
"202","Cadillac",1995,0,4.9,26.8,"95"
"203","Cadillac",1996,0,4.9,31.62,"96"
"204","Cadillac",1997,0,4.2,28.55,"97"
"205","Cadillac",1998,0,4.3,18.72,"98"
"206","Cadillac",1999,0,4.5,25.89,"99"
"207","Cadillac",2000,0,4.5,39.72,"00"
"208","Cadillac",2001,0,4.2,33.13,"01"
"209","Cadillac",2002,0,5.1,33.38,"02"
"210","Cadillac",2003,0,4.8,37.61,"03"
"211","Cadillac",2004,0,4.6,48.62,"04"
"212","Cadillac",2005,0,4.5,67,"05"
"213","Cadillac",2006,0,4.5,77.55,"06"
"214","Cadillac",2007,0,4.4,83.79,"07"
"215","Cadillac",2008,0,4.4,108.42,"08"
"216","Cadillac",2009,0,4.2,68.99,"09"
"217","Cadillac",2010,12.5,4,87.5,"10"
"218","Cadillac",2011,0,4.2,118.71,"11"
"219","Cadillac",2012,0,4.5,116.73,"12"
"220","Cadillac",2013,20,3.9,111.95,"13"
"221","Cadillac",2014,26.7,3.8,100.31,"14"
"222","Cadillac",2015,28.6,4.2,53.05,"15"
"223","Cadillac",2016,42.3,3.5,43.73,"16"
"224","Chevrolet",1984,24.2,3.5,66.48,"84"
"225","Chevrolet",1985,18.8,3.5,61.47,"85"
"226","Chevrolet",1986,18.6,3.7,31.6,"86"
"227","Chevrolet",1987,18.1,3.6,38.95,"87"
"228","Chevrolet",1988,16.7,3.8,30.28,"88"
"229","Chevrolet",1989,11.6,4.2,35.28,"89"
"230","Chevrolet",1990,12.5,4.3,43.57,"90"
"231","Chevrolet",1991,10.9,4.3,35.25,"91"
"232","Chevrolet",1992,9.8,4.3,33.05,"92"
"233","Chevrolet",1993,9.8,4.3,28.19,"93"
"234","Chevrolet",1994,9,4.3,25.62,"94"
"235","Chevrolet",1995,5.7,4.6,26.8,"95"
"236","Chevrolet",1996,14.3,4.4,31.62,"96"
"237","Chevrolet",1997,12.3,4.4,28.55,"97"
"238","Chevrolet",1998,23.6,3.9,18.72,"98"
"239","Chevrolet",1999,23.3,3.8,25.89,"99"
"240","Chevrolet",2000,22.8,3.8,39.72,"00"
"241","Chevrolet",2001,17.1,3.8,33.13,"01"
"242","Chevrolet",2002,17.5,3.9,33.38,"02"
"243","Chevrolet",2003,11.1,4.1,37.61,"03"
"244","Chevrolet",2004,13,4,48.62,"04"
"245","Chevrolet",2005,19.8,3.9,67,"05"
"246","Chevrolet",2006,21.5,4,77.55,"06"
"247","Chevrolet",2007,29,4,83.79,"07"
"248","Chevrolet",2008,33.3,3.9,108.42,"08"
"249","Chevrolet",2009,21.8,4.2,68.99,"09"
"250","Chevrolet",2010,41.1,3.6,87.5,"10"
"251","Chevrolet",2011,27.5,3.9,118.71,"11"
"252","Chevrolet",2012,33.9,3.7,116.73,"12"
"253","Chevrolet",2013,52.1,3.5,111.95,"13"
"254","Chevrolet",2014,59.6,3.1,100.31,"14"
"255","Chevrolet",2015,45.6,3.6,53.05,"15"
"256","Chevrolet",2016,52.8,3.3,43.73,"16"
"257","Chrysler",1984,26.2,2.4,66.48,"84"
"258","Chrysler",1985,17.9,2.4,61.47,"85"
"259","Chrysler",1986,32,2.4,31.6,"86"
"260","Chrysler",1987,16.7,2.5,38.95,"87"
"261","Chrysler",1988,41.7,2.5,30.28,"88"
"262","Chrysler",1989,29.6,2.6,35.28,"89"
"263","Chrysler",1990,0,2.8,43.57,"90"
"264","Chrysler",1991,6.7,2.9,35.25,"91"
"265","Chrysler",1992,12.5,2.9,33.05,"92"
"266","Chrysler",1993,7.1,3.1,28.19,"93"
"267","Chrysler",1994,10,3.3,25.62,"94"
"268","Chrysler",1995,21.4,2.8,26.8,"95"
"269","Chrysler",1996,7.7,2.9,31.62,"96"
"270","Chrysler",1997,6.7,2.8,28.55,"97"
"271","Chrysler",1998,41.2,2.7,18.72,"98"
"272","Chrysler",1999,25,2.9,25.89,"99"
"273","Chrysler",2000,0,3,39.72,"00"
"274","Chrysler",2001,5,2.9,33.13,"01"
"275","Chrysler",2002,16,2.9,33.38,"02"
"276","Chrysler",2003,25,2.8,37.61,"03"
"277","Chrysler",2004,21.7,2.9,48.62,"04"
"278","Chrysler",2005,15.6,3.2,67,"05"
"279","Chrysler",2006,13.3,3.2,77.55,"06"
"280","Chrysler",2007,11.1,3.5,83.79,"07"
"281","Chrysler",2008,19.4,3.5,108.42,"08"
"282","Chrysler",2009,16.7,4,68.99,"09"
"283","Chrysler",2010,15.4,3.8,87.5,"10"
"284","Chrysler",2011,66.7,3.1,118.71,"11"
"285","Chrysler",2012,60,3.4,116.73,"12"
"286","Chrysler",2013,50,3.5,111.95,"13"
"287","Chrysler",2014,57.1,3.5,100.31,"14"
"288","Chrysler",2015,66.7,3.4,53.05,"15"
"289","Chrysler",2016,50,3.3,43.73,"16"
"290","Daewoo",1998,75,1.8,18.72,"98"
"291","Daewoo",1999,80,1.9,25.89,"99"
"292","Daewoo",2000,80,1.9,39.72,"00"
"293","Daewoo",2001,80,1.9,33.13,"01"
"294","Daewoo",2002,80,1.9,33.38,"02"
"295","Daewoo",2003,66.7,1.9,37.61,"03"
"296","Daewoo",2004,80,1.9,48.62,"04"
"297","Dodge",1984,28.9,3.3,66.48,"84"
"298","Dodge",1985,25.5,3.3,61.47,"85"
"299","Dodge",1986,23.1,3.7,31.6,"86"
"300","Dodge",1987,16.3,3.6,38.95,"87"
"301","Dodge",1988,27.8,3.8,30.28,"88"
"302","Dodge",1989,26.7,3.7,35.28,"89"
"303","Dodge",1990,14.8,3.8,43.57,"90"
"304","Dodge",1991,12.3,3.9,35.25,"91"
"305","Dodge",1992,12.1,3.8,33.05,"92"
"306","Dodge",1993,14.6,3.9,28.19,"93"
"307","Dodge",1994,14.3,4,25.62,"94"
"308","Dodge",1995,11.1,4.1,26.8,"95"
"309","Dodge",1996,8.1,4.2,31.62,"96"
"310","Dodge",1997,10.6,4,28.55,"97"
"311","Dodge",1998,17,4.1,18.72,"98"
"312","Dodge",1999,13,4.3,25.89,"99"
"313","Dodge",2000,5.7,4.3,39.72,"00"
"314","Dodge",2001,5.5,4.3,33.13,"01"
"315","Dodge",2002,6.8,4.1,33.38,"02"
"316","Dodge",2003,13.7,4.1,37.61,"03"
"317","Dodge",2004,15,4,48.62,"04"
"318","Dodge",2005,12.2,4.2,67,"05"
"319","Dodge",2006,2.6,4.7,77.55,"06"
"320","Dodge",2007,11.6,4.1,83.79,"07"
"321","Dodge",2008,14.5,4.2,108.42,"08"
"322","Dodge",2009,14.3,4.2,68.99,"09"
"323","Dodge",2010,15.2,4.3,87.5,"10"
"324","Dodge",2011,30.4,3.9,118.71,"11"
"325","Dodge",2012,42.9,3.8,116.73,"12"
"326","Dodge",2013,52.4,3.2,111.95,"13"
"327","Dodge",2014,55,3.3,100.31,"14"
"328","Dodge",2015,41.7,4.2,53.05,"15"
"329","Dodge",2016,39.3,4.1,43.73,"16"
"330","Eagle",1988,50,2.6,30.28,"88"
"331","Eagle",1989,70,2.1,35.28,"89"
"332","Eagle",1990,66.7,1.9,43.57,"90"
"333","Eagle",1991,45.5,1.9,35.25,"91"
"334","Eagle",1992,36.8,2,33.05,"92"
"335","Eagle",1993,40.9,2.1,28.19,"93"
"336","Eagle",1994,47.6,2.2,25.62,"94"
"337","Eagle",1995,61.9,2.2,26.8,"95"
"338","Eagle",1996,47.4,2.2,31.62,"96"
"339","Eagle",1997,33.3,2.5,28.55,"97"
"340","Eagle",1998,50,2,18.72,"98"
"341","Ferrari",1985,0,3.6,61.47,"85"
"342","Ferrari",1986,0,3.8,31.6,"86"
"343","Ferrari",1987,0,3.8,38.95,"87"
"344","Ferrari",1988,0,3.8,30.28,"88"
"345","Ferrari",1989,0,3.6,35.28,"89"
"346","Ferrari",1990,0,3.6,43.57,"90"
"347","Ferrari",1991,0,3.9,35.25,"91"
"348","Ferrari",1992,0,3.6,33.05,"92"
"349","Ferrari",1993,0,3.7,28.19,"93"
"350","Ferrari",1994,0,3.7,25.62,"94"
"351","Ferrari",1995,0,4.4,26.8,"95"
"352","Ferrari",1996,0,3.5,31.62,"96"
"353","Ferrari",1997,0,4.8,28.55,"97"
"354","Ferrari",1998,0,4.7,18.72,"98"
"355","Ferrari",1999,0,4.4,25.89,"99"
"356","Ferrari",2000,0,4.7,39.72,"00"
"357","Ferrari",2001,0,4.7,33.13,"01"
"358","Ferrari",2002,0,4.9,33.38,"02"
"359","Ferrari",2003,0,4.9,37.61,"03"
"360","Ferrari",2004,0,4.4,48.62,"04"
"361","Ferrari",2005,0,4.8,67,"05"
"362","Ferrari",2006,0,5.3,77.55,"06"
"363","Ferrari",2007,0,5.3,83.79,"07"
"364","Ferrari",2008,0,5.3,108.42,"08"
"365","Ferrari",2009,0,5.2,68.99,"09"
"366","Ferrari",2010,0,5.3,87.5,"10"
"367","Ferrari",2011,0,5.3,118.71,"11"
"368","Ferrari",2012,0,4.9,116.73,"12"
"369","Ferrari",2013,0,5.2,111.95,"13"
"370","Ferrari",2014,0,5.2,100.31,"14"
"371","Ferrari",2015,0,4.9,53.05,"15"
"372","Ferrari",2016,0,5.3,43.73,"16"
"373","Fiat",2012,100,1.4,116.73,"12"
"374","Fiat",2013,100,1.4,111.95,"13"
"375","Fiat",2014,100,1.4,100.31,"14"
"376","Fiat",2015,100,1.4,53.05,"15"
"377","Fiat",2016,100,1.6,43.73,"16"
"378","Ford",1984,17.1,3.9,66.48,"84"
"379","Ford",1985,24.7,3.8,61.47,"85"
"380","Ford",1986,22.8,3.7,31.6,"86"
"381","Ford",1987,19.6,3.9,38.95,"87"
"382","Ford",1988,16.4,3.9,30.28,"88"
"383","Ford",1989,15,3.9,35.28,"89"
"384","Ford",1990,10.6,4,43.57,"90"
"385","Ford",1991,12.7,4,35.25,"91"
"386","Ford",1992,13.5,3.9,33.05,"92"
"387","Ford",1993,15.8,3.9,28.19,"93"
"388","Ford",1994,12.9,3.9,25.62,"94"
"389","Ford",1995,16.1,3.9,26.8,"95"
"390","Ford",1996,15.5,3.8,31.62,"96"
"391","Ford",1997,14.6,3.8,28.55,"97"
"392","Ford",1998,12.2,3.9,18.72,"98"
"393","Ford",1999,10.8,3.9,25.89,"99"
"394","Ford",2000,19.1,3.8,39.72,"00"
"395","Ford",2001,16.9,3.7,33.13,"01"
"396","Ford",2002,17.1,3.7,33.38,"02"
"397","Ford",2003,21.2,3.7,37.61,"03"
"398","Ford",2004,18.8,3.7,48.62,"04"
"399","Ford",2005,14.5,3.7,67,"05"
"400","Ford",2006,18.6,3.6,77.55,"06"
"401","Ford",2007,20,3.5,83.79,"07"
"402","Ford",2008,20,3.6,108.42,"08"
"403","Ford",2009,20,3.6,68.99,"09"
"404","Ford",2010,31.9,3.5,87.5,"10"
"405","Ford",2011,37.5,3.5,118.71,"11"
"406","Ford",2012,51,3.4,116.73,"12"
"407","Ford",2013,55.6,3.2,111.95,"13"
"408","Ford",2014,60.3,3,100.31,"14"
"409","Ford",2015,61.3,2.6,53.05,"15"
"410","Ford",2016,54.4,2.7,43.73,"16"
"411","Geo",1989,100,1.4,35.28,"89"
"412","Geo",1990,100,1.4,43.57,"90"
"413","Geo",1991,90,1.4,35.25,"91"
"414","Geo",1992,85.7,1.4,33.05,"92"
"415","Geo",1993,85.7,1.4,28.19,"93"
"416","Geo",1994,68.4,1.5,25.62,"94"
"417","Geo",1995,100,1.5,26.8,"95"
"418","Geo",1996,73.3,1.5,31.62,"96"
"419","Geo",1997,73.3,1.5,28.55,"97"
"420","GMC",1984,6.8,3.8,66.48,"84"
"421","GMC",1985,3.8,4,61.47,"85"
"422","GMC",1986,4.6,4.1,31.6,"86"
"423","GMC",1987,1.1,4.1,38.95,"87"
"424","GMC",1988,3.4,4.3,30.28,"88"
"425","GMC",1989,1.3,4.7,35.28,"89"
"426","GMC",1990,1.4,4.7,43.57,"90"
"427","GMC",1991,1.5,4.8,35.25,"91"
"428","GMC",1992,1.5,4.7,33.05,"92"
"429","GMC",1993,1.5,4.8,28.19,"93"
"430","GMC",1994,1.5,4.8,25.62,"94"
"431","GMC",1995,1.6,4.8,26.8,"95"
"432","GMC",1996,2.4,4.7,31.62,"96"
"433","GMC",1997,2.4,4.7,28.55,"97"
"434","GMC",1998,2.4,4.7,18.72,"98"
"435","GMC",1999,2.5,4.7,25.89,"99"
"436","GMC",2000,4.8,4.5,39.72,"00"
"437","GMC",2001,0,4.8,33.13,"01"
"438","GMC",2002,0,4.8,33.38,"02"
"439","GMC",2003,1.9,4.7,37.61,"03"
"440","GMC",2004,0,4.5,48.62,"04"
"441","GMC",2005,0,4.5,67,"05"
"442","GMC",2006,0,4.4,77.55,"06"
"443","GMC",2007,0,4.7,83.79,"07"
"444","GMC",2008,0,4.7,108.42,"08"
"445","GMC",2009,0,4.7,68.99,"09"
"446","GMC",2010,13.8,4,87.5,"10"
"447","GMC",2011,6.2,4.2,118.71,"11"
"448","GMC",2012,6.2,4.2,116.73,"12"
"449","GMC",2013,12.5,4.6,111.95,"13"
"450","GMC",2014,18.2,4.1,100.31,"14"
"451","GMC",2015,11.4,4.8,53.05,"15"
"452","GMC",2016,12.5,4.7,43.73,"16"
"453","Honda",1984,100,1.6,66.48,"84"
"454","Honda",1985,96.9,1.6,61.47,"85"
"455","Honda",1986,100,1.7,31.6,"86"
"456","Honda",1987,100,1.7,38.95,"87"
"457","Honda",1988,91.7,1.7,30.28,"88"
"458","Honda",1989,85,1.7,35.28,"89"
"459","Honda",1990,81.8,1.7,43.57,"90"
"460","Honda",1991,79.2,1.8,35.25,"91"
"461","Honda",1992,83.3,1.9,33.05,"92"
"462","Honda",1993,81.8,1.8,28.19,"93"
"463","Honda",1994,71,2.1,25.62,"94"
"464","Honda",1995,66.7,2.1,26.8,"95"
"465","Honda",1996,60,2.1,31.62,"96"
"466","Honda",1997,65.4,2.1,28.55,"97"
"467","Honda",1998,52.4,2.3,18.72,"98"
"468","Honda",1999,44,2.2,25.89,"99"
"469","Honda",2000,54.2,2.2,39.72,"00"
"470","Honda",2001,56,2.2,33.13,"01"
"471","Honda",2002,60.9,2.3,33.38,"02"
"472","Honda",2003,63,2.1,37.61,"03"
"473","Honda",2004,63,2.1,48.62,"04"
"474","Honda",2005,65.5,2.2,67,"05"
"475","Honda",2006,45.8,2.5,77.55,"06"
"476","Honda",2007,54.2,2.5,83.79,"07"
"477","Honda",2008,61.5,2.5,108.42,"08"
"478","Honda",2009,61.5,2.5,68.99,"09"
"479","Honda",2010,62.1,2.5,87.5,"10"
"480","Honda",2011,70,2.5,118.71,"11"
"481","Honda",2012,75.9,2.5,116.73,"12"
"482","Honda",2013,82.1,2.5,111.95,"13"
"483","Honda",2014,84.6,2.5,100.31,"14"
"484","Honda",2015,88.5,2.4,53.05,"15"
"485","Honda",2016,93.1,2.3,43.73,"16"
"486","Hyundai",1986,100,1.5,31.6,"86"
"487","Hyundai",1987,100,1.5,38.95,"87"
"488","Hyundai",1988,100,1.5,30.28,"88"
"489","Hyundai",1989,50,2,35.28,"89"
"490","Hyundai",1990,50,2,43.57,"90"
"491","Hyundai",1991,70,1.8,35.25,"91"
"492","Hyundai",1992,75,1.7,33.05,"92"
"493","Hyundai",1993,66.7,1.8,28.19,"93"
"494","Hyundai",1994,53.3,1.9,25.62,"94"
"495","Hyundai",1995,61.5,1.8,26.8,"95"
"496","Hyundai",1996,84.6,1.8,31.62,"96"
"497","Hyundai",1997,71.4,1.9,28.55,"97"
"498","Hyundai",1998,72.7,1.9,18.72,"98"
"499","Hyundai",1999,75,2.1,25.89,"99"
"500","Hyundai",2000,75,2.1,39.72,"00"
"501","Hyundai",2001,52.9,2.2,33.13,"01"
"502","Hyundai",2002,52.6,2.3,33.38,"02"
"503","Hyundai",2003,52,2.4,37.61,"03"
"504","Hyundai",2004,47.8,2.4,48.62,"04"
"505","Hyundai",2005,44.4,2.4,67,"05"
"506","Hyundai",2006,44,2.5,77.55,"06"
"507","Hyundai",2007,35.7,2.7,83.79,"07"
"508","Hyundai",2008,39.3,2.7,108.42,"08"
"509","Hyundai",2009,40.7,2.8,68.99,"09"
"510","Hyundai",2010,71,2.7,87.5,"10"
"511","Hyundai",2011,73.5,2.7,118.71,"11"
"512","Hyundai",2012,71.4,2.8,116.73,"12"
"513","Hyundai",2013,76.3,2.4,111.95,"13"
"514","Hyundai",2014,68.4,2.5,100.31,"14"
"515","Hyundai",2015,74.4,2.5,53.05,"15"
"516","Hyundai",2016,74.4,2.4,43.73,"16"
"517","Infiniti",1990,0,3.8,43.57,"90"
"518","Infiniti",1991,40,3.2,35.25,"91"
"519","Infiniti",1992,40,3.2,33.05,"92"
"520","Infiniti",1993,50,3,28.19,"93"
"521","Infiniti",1994,40,3.2,25.62,"94"
"522","Infiniti",1995,57.1,2.9,26.8,"95"
"523","Infiniti",1996,33.3,2.9,31.62,"96"
"524","Infiniti",1997,0,3.3,28.55,"97"
"525","Infiniti",1998,0,3.3,18.72,"98"
"526","Infiniti",1999,28.6,3,25.89,"99"
"527","Infiniti",2000,40,2.9,39.72,"00"
"528","Infiniti",2001,33.3,3,33.13,"01"
"529","Infiniti",2002,33.3,3.2,33.38,"02"
"530","Infiniti",2003,0,3.8,37.61,"03"
"531","Infiniti",2004,0,4.1,48.62,"04"
"532","Infiniti",2005,0,4.1,67,"05"
"533","Infiniti",2006,0,4.1,77.55,"06"
"534","Infiniti",2007,0,4,83.79,"07"
"535","Infiniti",2008,0,4,108.42,"08"
"536","Infiniti",2009,0,4,68.99,"09"
"537","Infiniti",2010,10.5,4,87.5,"10"
"538","Infiniti",2011,16.7,4,118.71,"11"
"539","Infiniti",2012,22.7,4,116.73,"12"
"540","Infiniti",2013,13.6,4.1,111.95,"13"
"541","Infiniti",2014,44.8,3.9,100.31,"14"
"542","Infiniti",2015,48.4,3.9,53.05,"15"
"543","Infiniti",2016,56,3.6,43.73,"16"
"544","Isuzu",1984,50,2,66.48,"84"
"545","Isuzu",1985,50,1.9,61.47,"85"
"546","Isuzu",1986,31.6,2,31.6,"86"
"547","Isuzu",1987,33.3,2,38.95,"87"
"548","Isuzu",1988,25,2.2,30.28,"88"
"549","Isuzu",1989,25,2.2,35.28,"89"
"550","Isuzu",1990,33.3,2.3,43.57,"90"
"551","Isuzu",1991,25,2.4,35.25,"91"
"552","Isuzu",1992,24,2.6,33.05,"92"
"553","Isuzu",1993,21.7,2.6,28.19,"93"
"554","Isuzu",1994,0,2.9,25.62,"94"
"555","Isuzu",1995,0,3,26.8,"95"
"556","Isuzu",1996,11.1,2.9,31.62,"96"
"557","Isuzu",1997,9.1,3.2,28.55,"97"
"558","Isuzu",1998,5.9,3.1,18.72,"98"
"559","Isuzu",1999,5,3.2,25.89,"99"
"560","Isuzu",2000,10,3.1,39.72,"00"
"561","Isuzu",2001,0,3.2,33.13,"01"
"562","Isuzu",2002,0,3,33.38,"02"
"563","Isuzu",2003,0,3.4,37.61,"03"
"564","Isuzu",2004,0,3.9,48.62,"04"
"565","Isuzu",2005,0,4.6,67,"05"
"566","Isuzu",2006,0,4.1,77.55,"06"
"567","Isuzu",2007,0,3.8,83.79,"07"
"568","Isuzu",2008,0,3.6,108.42,"08"
"569","Isuzu",2009,0,4.2,68.99,"09"
"570","Jaguar",1984,0,4.6,66.48,"84"
"571","Jaguar",1985,0,4.8,61.47,"85"
"572","Jaguar",1986,0,4.8,31.6,"86"
"573","Jaguar",1987,0,4.9,38.95,"87"
"574","Jaguar",1988,0,4.5,30.28,"88"
"575","Jaguar",1989,0,5,35.28,"89"
"576","Jaguar",1990,0,4.9,43.57,"90"
"577","Jaguar",1991,0,4.9,35.25,"91"
"578","Jaguar",1992,0,4.9,33.05,"92"
"579","Jaguar",1993,0,4.6,28.19,"93"
"580","Jaguar",1994,0,4.5,25.62,"94"
"581","Jaguar",1995,0,5,26.8,"95"
"582","Jaguar",1996,0,4.4,31.62,"96"
"583","Jaguar",1997,0,4,28.55,"97"
"584","Jaguar",1998,0,4,18.72,"98"
"585","Jaguar",1999,0,4,25.89,"99"
"586","Jaguar",2000,0,3.9,39.72,"00"
"587","Jaguar",2001,0,3.9,33.13,"01"
"588","Jaguar",2002,0,3.6,33.38,"02"
"589","Jaguar",2003,0,3.7,37.61,"03"
"590","Jaguar",2004,0,3.8,48.62,"04"
"591","Jaguar",2005,0,3.5,67,"05"
"592","Jaguar",2006,0,3.8,77.55,"06"
"593","Jaguar",2007,0,3.9,83.79,"07"
"594","Jaguar",2008,0,3.9,108.42,"08"
"595","Jaguar",2009,0,4.2,68.99,"09"
"596","Jaguar",2010,0,4.9,87.5,"10"
"597","Jaguar",2011,0,5,118.71,"11"
"598","Jaguar",2012,0,5,116.73,"12"
"599","Jaguar",2013,6.7,4,111.95,"13"
"600","Jaguar",2014,21.4,4.1,100.31,"14"
"601","Jaguar",2015,27.8,3.9,53.05,"15"
"602","Jaguar",2016,28.6,3.5,43.73,"16"
"603","Jeep",1984,0,3.6,66.48,"84"
"604","Jeep",1985,2.1,3.3,61.47,"85"
"605","Jeep",1986,5.1,3.3,31.6,"86"
"606","Jeep",1987,0,3.6,38.95,"87"
"607","Jeep",1988,0,3.5,30.28,"88"
"608","Jeep",1989,0,3.2,35.28,"89"
"609","Jeep",1990,0,3.2,43.57,"90"
"610","Jeep",1991,0,3.5,35.25,"91"
"611","Jeep",1992,0,3.4,33.05,"92"
"612","Jeep",1993,0,3.6,28.19,"93"
"613","Jeep",1994,0,3.6,25.62,"94"
"614","Jeep",1995,0,3.5,26.8,"95"
"615","Jeep",1996,0,3.8,31.62,"96"
"616","Jeep",1997,0,3.7,28.55,"97"
"617","Jeep",1998,0,3.8,18.72,"98"
"618","Jeep",1999,0,3.5,25.89,"99"
"619","Jeep",2000,0,3.6,39.72,"00"
"620","Jeep",2001,0,3.9,33.13,"01"
"621","Jeep",2002,0,3.8,33.38,"02"
"622","Jeep",2003,0,3.6,37.61,"03"
"623","Jeep",2004,0,3.6,48.62,"04"
"624","Jeep",2005,0,3.9,67,"05"
"625","Jeep",2006,0,4.4,77.55,"06"
"626","Jeep",2007,30.8,3.6,83.79,"07"
"627","Jeep",2008,35.7,3.5,108.42,"08"
"628","Jeep",2009,38.7,3.6,68.99,"09"
"629","Jeep",2010,44.4,3.4,87.5,"10"
"630","Jeep",2011,54.5,3,118.71,"11"
"631","Jeep",2012,57.1,2.9,116.73,"12"
"632","Jeep",2013,63.2,2.8,111.95,"13"
"633","Jeep",2014,69,2.7,100.31,"14"
"634","Jeep",2015,73.3,2.7,53.05,"15"
"635","Jeep",2016,71.9,2.7,43.73,"16"
"636","Kia",1993,100,1.6,28.19,"93"
"637","Kia",1994,100,1.6,25.62,"94"
"638","Kia",1995,60,1.8,26.8,"95"
"639","Kia",1996,42.9,1.8,31.62,"96"
"640","Kia",1997,50,1.8,28.55,"97"
"641","Kia",1998,33.3,1.9,18.72,"98"
"642","Kia",1999,33.3,1.9,25.89,"99"
"643","Kia",2000,33.3,1.9,39.72,"00"
"644","Kia",2001,25,2,33.13,"01"
"645","Kia",2002,30.8,2.2,33.38,"02"
"646","Kia",2003,54.5,2.5,37.61,"03"
"647","Kia",2004,55.6,2.5,48.62,"04"
"648","Kia",2005,42.1,2.6,67,"05"
"649","Kia",2006,52.4,2.6,77.55,"06"
"650","Kia",2007,45,2.6,83.79,"07"
"651","Kia",2008,45,2.6,108.42,"08"
"652","Kia",2009,41.7,2.9,68.99,"09"
"653","Kia",2010,65.4,2.5,87.5,"10"
"654","Kia",2011,81.1,2.5,118.71,"11"
"655","Kia",2012,89.2,2.3,116.73,"12"
"656","Kia",2013,94.4,2.2,111.95,"13"
"657","Kia",2014,82.9,2.1,100.31,"14"
"658","Kia",2015,73,2.3,53.05,"15"
"659","Kia",2016,75.6,2.3,43.73,"16"
"660","Lamborghini",1984,0,4.8,66.48,"84"
"661","Lamborghini",1986,0,5.2,31.6,"86"
"662","Lamborghini",1987,0,5.2,38.95,"87"
"663","Lamborghini",1988,0,5.2,30.28,"88"
"664","Lamborghini",1989,0,5.2,35.28,"89"
"665","Lamborghini",1990,0,5.5,43.57,"90"
"666","Lamborghini",1991,0,5.7,35.25,"91"
"667","Lamborghini",1992,0,5.7,33.05,"92"
"668","Lamborghini",1993,0,5.7,28.19,"93"
"669","Lamborghini",1994,0,5.7,25.62,"94"
"670","Lamborghini",1995,0,5.7,26.8,"95"
"671","Lamborghini",1996,0,5.7,31.62,"96"
"672","Lamborghini",1997,0,5.7,28.55,"97"
"673","Lamborghini",1998,0,5.7,18.72,"98"
"674","Lamborghini",1999,0,5.7,25.89,"99"
"675","Lamborghini",2001,0,6,33.13,"01"
"676","Lamborghini",2002,0,6.1,33.38,"02"
"677","Lamborghini",2003,0,6.1,37.61,"03"
"678","Lamborghini",2004,0,5.6,48.62,"04"
"679","Lamborghini",2005,0,5.6,67,"05"
"680","Lamborghini",2006,0,5.4,77.55,"06"
"681","Lamborghini",2007,0,5.4,83.79,"07"
"682","Lamborghini",2008,0,5.8,108.42,"08"
"683","Lamborghini",2009,0,5.8,68.99,"09"
"684","Lamborghini",2010,0,5.9,87.5,"10"
"685","Lamborghini",2011,0,5.2,118.71,"11"
"686","Lamborghini",2012,0,5.5,116.73,"12"
"687","Lamborghini",2013,0,5.6,111.95,"13"
"688","Lamborghini",2014,0,5.8,100.31,"14"
"689","Lamborghini",2015,0,6.2,53.05,"15"
"690","Lamborghini",2016,0,5.8,43.73,"16"
"691","Land Rover",1987,0,3.5,38.95,"87"
"692","Land Rover",1988,0,3.5,30.28,"88"
"693","Land Rover",1989,0,3.9,35.28,"89"
"694","Land Rover",1990,0,3.9,43.57,"90"
"695","Land Rover",1991,0,3.9,35.25,"91"
"696","Land Rover",1992,0,3.9,33.05,"92"
"697","Land Rover",1993,0,4,28.19,"93"
"698","Land Rover",1994,0,4,25.62,"94"
"699","Land Rover",1995,0,4,26.8,"95"
"700","Land Rover",1996,0,4.2,31.62,"96"
"701","Land Rover",1997,0,4.1,28.55,"97"
"702","Land Rover",1998,0,4.2,18.72,"98"
"703","Land Rover",1999,0,4.2,25.89,"99"
"704","Land Rover",2000,0,4.2,39.72,"00"
"705","Land Rover",2001,0,4.2,33.13,"01"
"706","Land Rover",2002,0,3.7,33.38,"02"
"707","Land Rover",2003,0,3.5,37.61,"03"
"708","Land Rover",2004,0,3.8,48.62,"04"
"709","Land Rover",2005,0,3.8,67,"05"
"710","Land Rover",2006,0,4.3,77.55,"06"
"711","Land Rover",2007,0,4.3,83.79,"07"
"712","Land Rover",2008,0,4.1,108.42,"08"
"713","Land Rover",2009,0,4.1,68.99,"09"
"714","Land Rover",2010,0,4.7,87.5,"10"
"715","Land Rover",2011,0,4.7,118.71,"11"
"716","Land Rover",2012,14.3,4.3,116.73,"12"
"717","Land Rover",2013,14.3,4.1,111.95,"13"
"718","Land Rover",2014,14.3,3.3,100.31,"14"
"719","Land Rover",2015,25,2.9,53.05,"15"
"720","Land Rover",2016,30,3.3,43.73,"16"
"721","Lexus",1990,0,3,43.57,"90"
"722","Lexus",1991,0,3,35.25,"91"
"723","Lexus",1992,0,3.3,33.05,"92"
"724","Lexus",1993,0,3.3,28.19,"93"
"725","Lexus",1994,0,3.3,25.62,"94"
"726","Lexus",1995,0,3.3,26.8,"95"
"727","Lexus",1996,0,3.5,31.62,"96"
"728","Lexus",1997,0,3.5,28.55,"97"
"729","Lexus",1998,0,3.7,18.72,"98"
"730","Lexus",1999,0,3.5,25.89,"99"
"731","Lexus",2000,0,3.5,39.72,"00"
"732","Lexus",2001,0,3.5,33.13,"01"
"733","Lexus",2002,0,3.6,33.38,"02"
"734","Lexus",2003,0,3.7,37.61,"03"
"735","Lexus",2004,0,3.7,48.62,"04"
"736","Lexus",2005,0,3.7,67,"05"
"737","Lexus",2006,27.8,3.5,77.55,"06"
"738","Lexus",2007,35,3.6,83.79,"07"
"739","Lexus",2008,31.8,3.8,108.42,"08"
"740","Lexus",2009,22.7,3.9,68.99,"09"
"741","Lexus",2010,34.8,3.9,87.5,"10"
"742","Lexus",2011,41.7,3.8,118.71,"11"
"743","Lexus",2012,45,3.7,116.73,"12"
"744","Lexus",2013,47.8,3.8,111.95,"13"
"745","Lexus",2014,48,3.7,100.31,"14"
"746","Lexus",2015,56.2,3.5,53.05,"15"
"747","Lexus",2016,62.9,3.4,43.73,"16"
"748","Lincoln",1984,0,5,66.48,"84"
"749","Lincoln",1985,0,5,61.47,"85"
"750","Lincoln",1986,0,5,31.6,"86"
"751","Lincoln",1987,0,5,38.95,"87"
"752","Lincoln",1988,0,4.6,30.28,"88"
"753","Lincoln",1989,0,4.6,35.28,"89"
"754","Lincoln",1990,0,4.6,43.57,"90"
"755","Lincoln",1991,0,4.5,35.25,"91"
"756","Lincoln",1992,0,4.5,33.05,"92"
"757","Lincoln",1993,0,4.3,28.19,"93"
"758","Lincoln",1994,0,4.3,25.62,"94"
"759","Lincoln",1995,0,4.6,26.8,"95"
"760","Lincoln",1996,0,4.6,31.62,"96"
"761","Lincoln",1997,0,4.6,28.55,"97"
"762","Lincoln",1998,0,4.9,18.72,"98"
"763","Lincoln",1999,0,5.1,25.89,"99"
"764","Lincoln",2000,0,4.1,39.72,"00"
"765","Lincoln",2001,0,4.1,33.13,"01"
"766","Lincoln",2002,0,4.2,33.38,"02"
"767","Lincoln",2003,0,4.3,37.61,"03"
"768","Lincoln",2004,0,4.1,48.62,"04"
"769","Lincoln",2005,0,4.1,67,"05"
"770","Lincoln",2006,0,4.5,77.55,"06"
"771","Lincoln",2007,0,4.3,83.79,"07"
"772","Lincoln",2008,12.5,4.3,108.42,"08"
"773","Lincoln",2009,0,3.6,68.99,"09"
"774","Lincoln",2010,0,3.5,87.5,"10"
"775","Lincoln",2011,8.3,3.5,118.71,"11"
"776","Lincoln",2012,10,3.5,116.73,"12"
"777","Lincoln",2013,35.7,3.2,111.95,"13"
"778","Lincoln",2014,42.9,3.2,100.31,"14"
"779","Lincoln",2015,33.3,3.1,53.05,"15"
"780","Lincoln",2016,21.7,3.1,43.73,"16"
"781","Lotus",1984,0,2.2,66.48,"84"
"782","Lotus",1985,0,2.2,61.47,"85"
"783","Lotus",1987,0,2.2,38.95,"87"
"784","Lotus",1988,0,2.2,30.28,"88"
"785","Lotus",1989,0,2.2,35.28,"89"
"786","Lotus",1990,0,2.2,43.57,"90"
"787","Lotus",1991,50,1.9,35.25,"91"
"788","Lotus",1992,50,1.9,33.05,"92"
"789","Lotus",1993,50,1.9,28.19,"93"
"790","Lotus",1994,0,2.2,25.62,"94"
"791","Lotus",1995,0,2.2,26.8,"95"
"792","Lotus",1997,0,3.5,28.55,"97"
"793","Lotus",1998,0,3.5,18.72,"98"
"794","Lotus",1999,0,3.5,25.89,"99"
"795","Lotus",2000,0,3.5,39.72,"00"
"796","Lotus",2001,0,3.5,33.13,"01"
"797","Lotus",2002,0,3.5,33.38,"02"
"798","Lotus",2003,0,3.5,37.61,"03"
"799","Lotus",2004,0,3.5,48.62,"04"
"800","Lotus",2005,100,1.8,67,"05"
"801","Lotus",2006,100,1.8,77.55,"06"
"802","Lotus",2007,100,1.8,83.79,"07"
"803","Lotus",2008,100,1.8,108.42,"08"
"804","Lotus",2009,100,1.8,68.99,"09"
"805","Lotus",2010,66.7,2.4,87.5,"10"
"806","Lotus",2011,50,2.9,118.71,"11"
"807","Lotus",2012,50,3.5,116.73,"12"
"808","Lotus",2013,50,3.5,111.95,"13"
"809","Lotus",2014,50,3.5,100.31,"14"
"810","Maserati",1984,0,3.7,66.48,"84"
"811","Maserati",1985,0,3,61.47,"85"
"812","Maserati",1986,0,3.1,31.6,"86"
"813","Maserati",1987,0,2.5,38.95,"87"
"814","Maserati",1988,0,2.2,30.28,"88"
"815","Maserati",1989,0,2.8,35.28,"89"
"816","Maserati",1990,0,2.8,43.57,"90"
"817","Maserati",1991,0,2.8,35.25,"91"
"818","Maserati",2002,0,4.2,33.38,"02"
"819","Maserati",2003,0,4.2,37.61,"03"
"820","Maserati",2004,0,4.2,48.62,"04"
"821","Maserati",2005,0,4.2,67,"05"
"822","Maserati",2006,0,4.2,77.55,"06"
"823","Maserati",2007,0,4.2,83.79,"07"
"824","Maserati",2008,0,4.2,108.42,"08"
"825","Maserati",2009,0,4.2,68.99,"09"
"826","Maserati",2010,0,4.5,87.5,"10"
"827","Maserati",2011,0,4.5,118.71,"11"
"828","Maserati",2012,0,4.7,116.73,"12"
"829","Maserati",2013,0,4.7,111.95,"13"
"830","Maserati",2014,0,3.7,100.31,"14"
"831","Maserati",2015,0,3.7,53.05,"15"
"832","Maserati",2016,0,3.5,43.73,"16"
"833","Mazda",1984,62.5,1.6,66.48,"84"
"834","Mazda",1985,57.1,1.4,61.47,"85"
"835","Mazda",1986,61.5,1.7,31.6,"86"
"836","Mazda",1987,40,1.9,38.95,"87"
"837","Mazda",1988,34.8,2,30.28,"88"
"838","Mazda",1989,29.6,2.2,35.28,"89"
"839","Mazda",1990,35.3,2.2,43.57,"90"
"840","Mazda",1991,32.4,2.4,35.25,"91"
"841","Mazda",1992,40,2.3,33.05,"92"
"842","Mazda",1993,45,2.3,28.19,"93"
"843","Mazda",1994,35.6,2.5,25.62,"94"
"844","Mazda",1995,43.9,2.3,26.8,"95"
"845","Mazda",1996,39.4,2.4,31.62,"96"
"846","Mazda",1997,39.3,2.6,28.55,"97"
"847","Mazda",1998,27.3,2.7,18.72,"98"
"848","Mazda",1999,39.1,2.6,25.89,"99"
"849","Mazda",2000,50,2.5,39.72,"00"
"850","Mazda",2001,36.7,2.5,33.13,"01"
"851","Mazda",2002,37,2.6,33.38,"02"
"852","Mazda",2003,46.2,2.7,37.61,"03"
"853","Mazda",2004,40,2.6,48.62,"04"
"854","Mazda",2005,35.5,2.6,67,"05"
"855","Mazda",2006,38.2,2.6,77.55,"06"
"856","Mazda",2007,36.7,2.6,83.79,"07"
"857","Mazda",2008,47.1,2.6,108.42,"08"
"858","Mazda",2009,53.3,2.5,68.99,"09"
"859","Mazda",2010,68,2.4,87.5,"10"
"860","Mazda",2011,68,2.3,118.71,"11"
"861","Mazda",2012,75,2.4,116.73,"12"
"862","Mazda",2013,83.3,2.3,111.95,"13"
"863","Mazda",2014,92,2.3,100.31,"14"
"864","Mazda",2015,91.7,2.4,53.05,"15"
"865","Mazda",2016,100,2.2,43.73,"16"
"866","Mercedes-Benz",1984,0,3.7,66.48,"84"
"867","Mercedes-Benz",1985,0,4.4,61.47,"85"
"868","Mercedes-Benz",1986,0,3.6,31.6,"86"
"869","Mercedes-Benz",1987,0,3.5,38.95,"87"
"870","Mercedes-Benz",1988,0,3.4,30.28,"88"
"871","Mercedes-Benz",1989,0,3.6,35.28,"89"
"872","Mercedes-Benz",1990,0,3.5,43.57,"90"
"873","Mercedes-Benz",1991,0,3,35.25,"91"
"874","Mercedes-Benz",1992,0,4.1,33.05,"92"
"875","Mercedes-Benz",1993,0,3.7,28.19,"93"
"876","Mercedes-Benz",1994,5.9,4.2,25.62,"94"
"877","Mercedes-Benz",1995,5.6,4,26.8,"95"
"878","Mercedes-Benz",1996,7.1,4.2,31.62,"96"
"879","Mercedes-Benz",1997,6.7,4.2,28.55,"97"
"880","Mercedes-Benz",1998,10,4.1,18.72,"98"
"881","Mercedes-Benz",1999,12,3.9,25.89,"99"
"882","Mercedes-Benz",2000,12.5,3.9,39.72,"00"
"883","Mercedes-Benz",2001,3.2,4.1,33.13,"01"
"884","Mercedes-Benz",2002,2.6,4,33.38,"02"
"885","Mercedes-Benz",2003,9.8,3.7,37.61,"03"
"886","Mercedes-Benz",2004,9.8,3.9,48.62,"04"
"887","Mercedes-Benz",2005,8.5,4.3,67,"05"
"888","Mercedes-Benz",2006,1.9,4.5,77.55,"06"
"889","Mercedes-Benz",2007,2.3,4.8,83.79,"07"
"890","Mercedes-Benz",2008,0,4.9,108.42,"08"
"891","Mercedes-Benz",2009,0,5,68.99,"09"
"892","Mercedes-Benz",2010,2.4,4.7,87.5,"10"
"893","Mercedes-Benz",2011,2.1,4.7,118.71,"11"
"894","Mercedes-Benz",2012,30,4.5,116.73,"12"
"895","Mercedes-Benz",2013,34.4,4.4,111.95,"13"
"896","Mercedes-Benz",2014,38,4.4,100.31,"14"
"897","Mercedes-Benz",2015,47.1,4,53.05,"15"
"898","Mercedes-Benz",2016,42.2,4,43.73,"16"
"899","Mercury",1984,37.5,3,66.48,"84"
"900","Mercury",1985,55.3,2.7,61.47,"85"
"901","Mercury",1986,40,3,31.6,"86"
"902","Mercury",1987,50,2.8,38.95,"87"
"903","Mercury",1988,27.8,3,30.28,"88"
"904","Mercury",1989,26.3,3,35.28,"89"
"905","Mercury",1990,7.1,3.4,43.57,"90"
"906","Mercury",1991,47.6,2.7,35.25,"91"
"907","Mercury",1992,47.6,2.8,33.05,"92"
"908","Mercury",1993,40.9,2.7,28.19,"93"
"909","Mercury",1994,40.9,2.7,25.62,"94"
"910","Mercury",1995,47.4,2.8,26.8,"95"
"911","Mercury",1996,47.4,2.7,31.62,"96"
"912","Mercury",1997,36.8,3.1,28.55,"97"
"913","Mercury",1998,36.8,3,18.72,"98"
"914","Mercury",1999,36.4,2.9,25.89,"99"
"915","Mercury",2000,17.6,3.2,39.72,"00"
"916","Mercury",2001,7.7,3.5,33.13,"01"
"917","Mercury",2002,7.7,3.4,33.38,"02"
"918","Mercury",2003,0,3.8,37.61,"03"
"919","Mercury",2004,0,3.9,48.62,"04"
"920","Mercury",2005,0,3.4,67,"05"
"921","Mercury",2006,17.6,3.3,77.55,"06"
"922","Mercury",2007,17.6,3.3,83.79,"07"
"923","Mercury",2008,37.5,3.1,108.42,"08"
"924","Mercury",2009,31.2,3.2,68.99,"09"
"925","Mercury",2010,69.2,3.1,87.5,"10"
"926","Mercury",2011,100,2.5,118.71,"11"
"927","MINI",2002,100,1.6,33.38,"02"
"928","MINI",2003,100,1.6,37.61,"03"
"929","MINI",2004,100,1.6,48.62,"04"
"930","MINI",2005,100,1.6,67,"05"
"931","MINI",2006,100,1.6,77.55,"06"
"932","MINI",2007,100,1.6,83.79,"07"
"933","MINI",2008,100,1.6,108.42,"08"
"934","MINI",2009,100,1.6,68.99,"09"
"935","MINI",2010,100,1.6,87.5,"10"
"936","MINI",2011,100,1.6,118.71,"11"
"937","MINI",2012,100,1.6,116.73,"12"
"938","MINI",2013,100,1.6,111.95,"13"
"939","MINI",2014,100,1.6,100.31,"14"
"940","MINI",2015,100,1.6,53.05,"15"
"941","MINI",2016,100,1.7,43.73,"16"
"942","Mitsubishi",1984,43.9,2.2,66.48,"84"
"943","Mitsubishi",1985,56.8,2.1,61.47,"85"
"944","Mitsubishi",1986,59.1,2.1,31.6,"86"
"945","Mitsubishi",1987,53.3,2.1,38.95,"87"
"946","Mitsubishi",1988,58.1,2.1,30.28,"88"
"947","Mitsubishi",1989,44.8,2.2,35.28,"89"
"948","Mitsubishi",1990,45.5,2.1,43.57,"90"
"949","Mitsubishi",1991,40.5,2.1,35.25,"91"
"950","Mitsubishi",1992,34.1,2.1,33.05,"92"
"951","Mitsubishi",1993,28.6,2.2,28.19,"93"
"952","Mitsubishi",1994,38.9,2.4,25.62,"94"
"953","Mitsubishi",1995,42.1,2.4,26.8,"95"
"954","Mitsubishi",1996,32.3,2.4,31.62,"96"
"955","Mitsubishi",1997,33.3,2.5,28.55,"97"
"956","Mitsubishi",1998,31.4,2.5,18.72,"98"
"957","Mitsubishi",1999,27,2.6,25.89,"99"
"958","Mitsubishi",2000,21.7,2.7,39.72,"00"
"959","Mitsubishi",2001,23.1,2.7,33.13,"01"
"960","Mitsubishi",2002,32.3,2.6,33.38,"02"
"961","Mitsubishi",2003,25,2.7,37.61,"03"
"962","Mitsubishi",2004,25.8,2.9,48.62,"04"
"963","Mitsubishi",2005,30,2.7,67,"05"
"964","Mitsubishi",2006,32.1,3.2,77.55,"06"
"965","Mitsubishi",2007,29.2,3.4,83.79,"07"
"966","Mitsubishi",2008,36,3.1,108.42,"08"
"967","Mitsubishi",2009,43.3,2.9,68.99,"09"
"968","Mitsubishi",2010,50,2.7,87.5,"10"
"969","Mitsubishi",2011,66.7,2.5,118.71,"11"
"970","Mitsubishi",2012,73.9,2.4,116.73,"12"
"971","Mitsubishi",2013,76.5,2.3,111.95,"13"
"972","Mitsubishi",2014,83.3,2.1,100.31,"14"
"973","Mitsubishi",2015,83.3,2.1,53.05,"15"
"974","Mitsubishi",2016,100,2.3,43.73,"16"
"975","Nissan",1984,43.6,2.3,66.48,"84"
"976","Nissan",1985,48.1,2.2,61.47,"85"
"977","Nissan",1986,26.3,2.4,31.6,"86"
"978","Nissan",1987,32.6,2.4,38.95,"87"
"979","Nissan",1988,29.2,2.4,30.28,"88"
"980","Nissan",1989,30,2.4,35.28,"89"
"981","Nissan",1990,30,2.4,43.57,"90"
"982","Nissan",1991,36.8,2.5,35.25,"91"
"983","Nissan",1992,30.8,2.5,33.05,"92"
"984","Nissan",1993,33.3,2.6,28.19,"93"
"985","Nissan",1994,21.4,2.7,25.62,"94"
"986","Nissan",1995,25.8,2.6,26.8,"95"
"987","Nissan",1996,25,2.7,31.62,"96"
"988","Nissan",1997,33.3,2.6,28.55,"97"
"989","Nissan",1998,44.4,2.6,18.72,"98"
"990","Nissan",1999,27.3,2.8,25.89,"99"
"991","Nissan",2000,20,2.8,39.72,"00"
"992","Nissan",2001,20.7,3,33.13,"01"
"993","Nissan",2002,19.4,3.1,33.38,"02"
"994","Nissan",2003,18.4,3.1,37.61,"03"
"995","Nissan",2004,16.7,3.4,48.62,"04"
"996","Nissan",2005,16.7,3.6,67,"05"
"997","Nissan",2006,17.1,3.6,77.55,"06"
"998","Nissan",2007,33.3,3.5,83.79,"07"
"999","Nissan",2008,42.9,3.5,108.42,"08"
"1000","Nissan",2009,43.4,3.3,68.99,"09"
"1001","Nissan",2010,44.7,3.3,87.5,"10"
"1002","Nissan",2011,49,3.2,118.71,"11"
"1003","Nissan",2012,47.9,3.2,116.73,"12"
"1004","Nissan",2013,48.8,3.1,111.95,"13"
"1005","Nissan",2014,50,3.1,100.31,"14"
"1006","Nissan",2015,57.8,3.1,53.05,"15"
"1007","Nissan",2016,68.4,2.8,43.73,"16"
"1008","Oldsmobile",1984,43.3,3.2,66.48,"84"
"1009","Oldsmobile",1985,29.6,3.2,61.47,"85"
"1010","Oldsmobile",1986,30.6,2.8,31.6,"86"
"1011","Oldsmobile",1987,39.3,3,38.95,"87"
"1012","Oldsmobile",1988,51.9,2.8,30.28,"88"
"1013","Oldsmobile",1989,31.6,3.1,35.28,"89"
"1014","Oldsmobile",1990,38.9,3.1,43.57,"90"
"1015","Oldsmobile",1991,22.7,3.2,35.25,"91"
"1016","Oldsmobile",1992,19.2,3.4,33.05,"92"
"1017","Oldsmobile",1993,17.4,3.1,28.19,"93"
"1018","Oldsmobile",1994,29.4,3.1,25.62,"94"
"1019","Oldsmobile",1995,17.6,3.2,26.8,"95"
"1020","Oldsmobile",1996,21.4,3.3,31.62,"96"
"1021","Oldsmobile",1997,18.2,3.3,28.55,"97"
"1022","Oldsmobile",1998,27.3,3.3,18.72,"98"
"1023","Oldsmobile",1999,18.2,3.4,25.89,"99"
"1024","Oldsmobile",2000,33.3,3.2,39.72,"00"
"1025","Oldsmobile",2001,33.3,3.5,33.13,"01"
"1026","Oldsmobile",2002,20,3.4,33.38,"02"
"1027","Oldsmobile",2003,25,3.4,37.61,"03"
"1028","Oldsmobile",2004,28.6,3.3,48.62,"04"
"1029","Peugeot",1984,0,2,66.48,"84"
"1030","Peugeot",1985,0,2,61.47,"85"
"1031","Peugeot",1986,0,2.1,31.6,"86"
"1032","Peugeot",1987,0,2.3,38.95,"87"
"1033","Peugeot",1988,0,2.3,30.28,"88"
"1034","Peugeot",1989,0,2.2,35.28,"89"
"1035","Peugeot",1990,0,2,43.57,"90"
"1036","Peugeot",1991,0,2,35.25,"91"
"1037","Peugeot",1992,0,2,33.05,"92"
"1038","Plymouth",1984,63.6,2.3,66.48,"84"
"1039","Plymouth",1985,49.3,2.3,61.47,"85"
"1040","Plymouth",1986,56.8,2.3,31.6,"86"
"1041","Plymouth",1987,40.9,2.4,38.95,"87"
"1042","Plymouth",1988,66.7,2.4,30.28,"88"
"1043","Plymouth",1989,59.1,2.5,35.28,"89"
"1044","Plymouth",1990,57.1,2.2,43.57,"90"
"1045","Plymouth",1991,50,2.3,35.25,"91"
"1046","Plymouth",1992,38.9,2.3,33.05,"92"
"1047","Plymouth",1993,41.7,2.3,28.19,"93"
"1048","Plymouth",1994,43.2,2.4,25.62,"94"
"1049","Plymouth",1995,30.8,2.9,26.8,"95"
"1050","Plymouth",1996,40,2.5,31.62,"96"
"1051","Plymouth",1997,50,2.4,28.55,"97"
"1052","Plymouth",1998,45.5,2.7,18.72,"98"
"1053","Plymouth",1999,45.5,2.7,25.89,"99"
"1054","Plymouth",2000,40,2.6,39.72,"00"
"1055","Plymouth",2001,66.7,2.5,33.13,"01"
"1056","Pontiac",1984,49.4,2.9,66.48,"84"
"1057","Pontiac",1985,39,3,61.47,"85"
"1058","Pontiac",1986,39,2.9,31.6,"86"
"1059","Pontiac",1987,47.1,2.8,38.95,"87"
"1060","Pontiac",1988,50,2.6,30.28,"88"
"1061","Pontiac",1989,54.3,2.6,35.28,"89"
"1062","Pontiac",1990,50,2.7,43.57,"90"
"1063","Pontiac",1991,43.2,2.9,35.25,"91"
"1064","Pontiac",1992,37.9,3.1,33.05,"92"
"1065","Pontiac",1993,38.5,2.9,28.19,"93"
"1066","Pontiac",1994,31.8,3,25.62,"94"
"1067","Pontiac",1995,27.3,3.5,26.8,"95"
"1068","Pontiac",1996,41.2,3.3,31.62,"96"
"1069","Pontiac",1997,42.1,3.3,28.55,"97"
"1070","Pontiac",1998,38.9,3.3,18.72,"98"
"1071","Pontiac",1999,35.3,3.4,25.89,"99"
"1072","Pontiac",2000,38.9,3.4,39.72,"00"
"1073","Pontiac",2001,35,3.4,33.13,"01"
"1074","Pontiac",2002,31.8,3.3,33.38,"02"
"1075","Pontiac",2003,47.4,2.8,37.61,"03"
"1076","Pontiac",2004,38.1,3.2,48.62,"04"
"1077","Pontiac",2005,44.4,3.1,67,"05"
"1078","Pontiac",2006,30.8,3.3,77.55,"06"
"1079","Pontiac",2007,36.4,3,83.79,"07"
"1080","Pontiac",2008,41.7,3.1,108.42,"08"
"1081","Pontiac",2009,56.2,2.9,68.99,"09"
"1082","Pontiac",2010,87,2.3,87.5,"10"
"1083","Porsche",1984,0,3.5,66.48,"84"
"1084","Porsche",1985,0,2.5,61.47,"85"
"1085","Porsche",1986,0,3.4,31.6,"86"
"1086","Porsche",1987,0,3.1,38.95,"87"
"1087","Porsche",1988,0,3.2,30.28,"88"
"1088","Porsche",1989,0,3.5,35.28,"89"
"1089","Porsche",1990,0,4,43.57,"90"
"1090","Porsche",1991,0,3.9,35.25,"91"
"1091","Porsche",1992,0,3.4,33.05,"92"
"1092","Porsche",1993,0,3.7,28.19,"93"
"1093","Porsche",1994,0,3.7,25.62,"94"
"1094","Porsche",1995,0,3.7,26.8,"95"
"1095","Porsche",1996,0,3.6,31.62,"96"
"1096","Porsche",1997,0,3.2,28.55,"97"
"1097","Porsche",1998,0,3.2,18.72,"98"
"1098","Porsche",1999,0,3.1,25.89,"99"
"1099","Porsche",2000,0,3.2,39.72,"00"
"1100","Porsche",2001,0,3.3,33.13,"01"
"1101","Porsche",2002,0,3.4,33.38,"02"
"1102","Porsche",2003,0,3.6,37.61,"03"
"1103","Porsche",2004,0,3.6,48.62,"04"
"1104","Porsche",2005,0,3.6,67,"05"
"1105","Porsche",2006,0,3.6,77.55,"06"
"1106","Porsche",2007,10.5,3.6,83.79,"07"
"1107","Porsche",2008,9.3,3.6,108.42,"08"
"1108","Porsche",2009,30,3.7,68.99,"09"
"1109","Porsche",2010,25,3.8,87.5,"10"
"1110","Porsche",2011,20,3.7,118.71,"11"
"1111","Porsche",2012,28.4,3.7,116.73,"12"
"1112","Porsche",2013,40,3.8,111.95,"13"
"1113","Porsche",2014,42,3.7,100.31,"14"
"1114","Porsche",2015,45.6,3.6,53.05,"15"
"1115","Porsche",2016,38.2,3.7,43.73,"16"
"1116","Ram",2013,0,3.6,111.95,"13"
"1117","Ram",2014,0,3.6,100.31,"14"
"1118","Ram",2015,20,3.4,53.05,"15"
"1119","Ram",2016,50,3,43.73,"16"
"1120","Renault",1984,73.9,1.8,66.48,"84"
"1121","Renault",1985,72.7,1.8,61.47,"85"
"1122","Renault",1986,75,1.8,31.6,"86"
"1123","Renault",1987,100,1.6,38.95,"87"
"1124","Rolls-Royce",1984,0,6.8,66.48,"84"
"1125","Rolls-Royce",1985,0,6.8,61.47,"85"
"1126","Rolls-Royce",1986,0,6.8,31.6,"86"
"1127","Rolls-Royce",1987,0,6.8,38.95,"87"
"1128","Rolls-Royce",1988,0,6.8,30.28,"88"
"1129","Rolls-Royce",1989,0,6.8,35.28,"89"
"1130","Rolls-Royce",1990,0,6.8,43.57,"90"
"1131","Rolls-Royce",1991,0,6.8,35.25,"91"
"1132","Rolls-Royce",1992,0,6.8,33.05,"92"
"1133","Rolls-Royce",1993,0,6.8,28.19,"93"
"1134","Rolls-Royce",1994,0,6.7,25.62,"94"
"1135","Rolls-Royce",1995,0,6.8,26.8,"95"
"1136","Rolls-Royce",1996,0,6.8,31.62,"96"
"1137","Rolls-Royce",1997,0,6.8,28.55,"97"
"1138","Rolls-Royce",1998,0,6.7,18.72,"98"
"1139","Rolls-Royce",1999,0,6.3,25.89,"99"
"1140","Rolls-Royce",2000,0,6.7,39.72,"00"
"1141","Rolls-Royce",2001,0,5.9,33.13,"01"
"1142","Rolls-Royce",2002,0,5.4,33.38,"02"
"1143","Rolls-Royce",2004,0,6.7,48.62,"04"
"1144","Rolls-Royce",2005,0,6.7,67,"05"
"1145","Rolls-Royce",2006,0,6.7,77.55,"06"
"1146","Rolls-Royce",2007,0,6.7,83.79,"07"
"1147","Rolls-Royce",2008,0,6.7,108.42,"08"
"1148","Rolls-Royce",2009,0,6.7,68.99,"09"
"1149","Rolls-Royce",2010,0,6.7,87.5,"10"
"1150","Rolls-Royce",2011,0,6.7,118.71,"11"
"1151","Rolls-Royce",2012,0,6.7,116.73,"12"
"1152","Rolls-Royce",2013,0,6.7,111.95,"13"
"1153","Rolls-Royce",2014,0,6.7,100.31,"14"
"1154","Rolls-Royce",2015,0,6.7,53.05,"15"
"1155","Rolls-Royce",2016,0,6.7,43.73,"16"
"1156","Roush Performance",2001,0,4.6,33.13,"01"
"1157","Roush Performance",2002,0,4.6,33.38,"02"
"1158","Roush Performance",2003,0,4.6,37.61,"03"
"1159","Roush Performance",2004,0,4.6,48.62,"04"
"1160","Roush Performance",2006,0,5.3,77.55,"06"
"1161","Roush Performance",2007,0,5.2,83.79,"07"
"1162","Roush Performance",2008,0,5.2,108.42,"08"
"1163","Roush Performance",2009,0,4.6,68.99,"09"
"1164","Roush Performance",2010,0,4.6,87.5,"10"
"1165","Roush Performance",2011,0,5,118.71,"11"
"1166","Roush Performance",2012,0,5,116.73,"12"
"1167","Roush Performance",2013,0,5,111.95,"13"
"1168","Roush Performance",2014,0,5.5,100.31,"14"
"1169","Roush Performance",2015,0,5,53.05,"15"
"1170","Roush Performance",2016,0,5,43.73,"16"
"1171","Saab",1984,0,2,66.48,"84"
"1172","Saab",1985,0,2,61.47,"85"
"1173","Saab",1986,0,2,31.6,"86"
"1174","Saab",1987,0,2,38.95,"87"
"1175","Saab",1988,0,2,30.28,"88"
"1176","Saab",1989,45.5,2,35.28,"89"
"1177","Saab",1990,14.3,2,43.57,"90"
"1178","Saab",1991,9.1,2.1,35.25,"91"
"1179","Saab",1992,0,2.1,33.05,"92"
"1180","Saab",1993,0,2.1,28.19,"93"
"1181","Saab",1994,0,2.2,25.62,"94"
"1182","Saab",1995,0,2.4,26.8,"95"
"1183","Saab",1996,0,2.3,31.62,"96"
"1184","Saab",1997,0,2.3,28.55,"97"
"1185","Saab",1998,16.7,2.1,18.72,"98"
"1186","Saab",1999,15.4,2.3,25.89,"99"
"1187","Saab",2000,20,2.2,39.72,"00"
"1188","Saab",2001,35,2.2,33.13,"01"
"1189","Saab",2002,37.5,2.3,33.38,"02"
"1190","Saab",2003,50,2.3,37.61,"03"
"1191","Saab",2004,33.3,2.2,48.62,"04"
"1192","Saab",2005,43.8,2.5,67,"05"
"1193","Saab",2006,36.4,2.6,77.55,"06"
"1194","Saab",2007,16.7,2.6,83.79,"07"
"1195","Saab",2008,13,2.8,108.42,"08"
"1196","Saab",2009,22.2,2.7,68.99,"09"
"1197","Saab",2010,76.9,2.1,87.5,"10"
"1198","Saab",2011,42.9,2.3,118.71,"11"
"1199","Saab",2012,50,2.5,116.73,"12"
"1200","Saturn",1991,100,1.9,35.25,"91"
"1201","Saturn",1992,100,1.9,33.05,"92"
"1202","Saturn",1993,100,1.9,28.19,"93"
"1203","Saturn",1994,100,1.9,25.62,"94"
"1204","Saturn",1995,100,1.9,26.8,"95"
"1205","Saturn",1996,100,1.9,31.62,"96"
"1206","Saturn",1997,100,1.9,28.55,"97"
"1207","Saturn",1998,100,1.9,18.72,"98"
"1208","Saturn",1999,100,1.9,25.89,"99"
"1209","Saturn",2000,87.5,2.1,39.72,"00"
"1210","Saturn",2001,88.2,2.1,33.13,"01"
"1211","Saturn",2002,77.8,2.2,33.38,"02"
"1212","Saturn",2003,64.3,2.4,37.61,"03"
"1213","Saturn",2004,61.5,2.5,48.62,"04"
"1214","Saturn",2005,38.5,2.7,67,"05"
"1215","Saturn",2006,50,2.8,77.55,"06"
"1216","Saturn",2007,45,2.7,83.79,"07"
"1217","Saturn",2008,47.6,2.8,108.42,"08"
"1218","Saturn",2009,47.6,2.8,68.99,"09"
"1219","Saturn",2010,40,3,87.5,"10"
"1220","Scion",2004,100,1.5,48.62,"04"
"1221","Scion",2005,100,1.8,67,"05"
"1222","Scion",2006,100,1.8,77.55,"06"
"1223","Scion",2007,100,2.4,83.79,"07"
"1224","Scion",2008,100,2.2,108.42,"08"
"1225","Scion",2009,100,2.2,68.99,"09"
"1226","Scion",2010,100,2.2,87.5,"10"
"1227","Scion",2011,100,2.1,118.71,"11"
"1228","Scion",2012,100,2.1,116.73,"12"
"1229","Scion",2013,100,2.1,111.95,"13"
"1230","Scion",2014,100,2.1,100.31,"14"
"1231","Scion",2015,100,2.2,53.05,"15"
"1232","Scion",2016,100,2,43.73,"16"
"1233","Subaru",1984,64.7,1.8,66.48,"84"
"1234","Subaru",1985,65.1,NA,61.47,"85"
"1235","Subaru",1986,72.2,1.8,31.6,"86"
"1236","Subaru",1987,69.8,1.8,38.95,"87"
"1237","Subaru",1988,57.7,1.9,30.28,"88"
"1238","Subaru",1989,60.7,1.8,35.28,"89"
"1239","Subaru",1990,53.1,1.9,43.57,"90"
"1240","Subaru",1991,54.8,1.9,35.25,"91"
"1241","Subaru",1992,57.7,1.9,33.05,"92"
"1242","Subaru",1993,66.7,2,28.19,"93"
"1243","Subaru",1994,60,2,25.62,"94"
"1244","Subaru",1995,80,2.1,26.8,"95"
"1245","Subaru",1996,82.4,2.2,31.62,"96"
"1246","Subaru",1997,68.8,2.3,28.55,"97"
"1247","Subaru",1998,61.1,2.3,18.72,"98"
"1248","Subaru",1999,62.5,2.4,25.89,"99"
"1249","Subaru",2000,12.5,2.5,39.72,"00"
"1250","Subaru",2001,38.5,2.4,33.13,"01"
"1251","Subaru",2002,0,2.4,33.38,"02"
"1252","Subaru",2003,5,2.5,37.61,"03"
"1253","Subaru",2004,8,2.5,48.62,"04"
"1254","Subaru",2005,38.7,2.5,67,"05"
"1255","Subaru",2006,42.4,2.5,77.55,"06"
"1256","Subaru",2007,43.3,2.5,83.79,"07"
"1257","Subaru",2008,48,2.6,108.42,"08"
"1258","Subaru",2009,41.7,2.6,68.99,"09"
"1259","Subaru",2010,50,2.7,87.5,"10"
"1260","Subaru",2011,52.6,2.7,118.71,"11"
"1261","Subaru",2012,52.6,2.6,116.73,"12"
"1262","Subaru",2013,63.6,2.5,111.95,"13"
"1263","Subaru",2014,69.6,2.4,100.31,"14"
"1264","Subaru",2015,90.5,2.3,53.05,"15"
"1265","Subaru",2016,90.5,2.3,43.73,"16"
"1266","Suzuki",1984,100,1,66.48,"84"
"1267","Suzuki",1985,50,1,61.47,"85"
"1268","Suzuki",1986,100,1.3,31.6,"86"
"1269","Suzuki",1987,100,1.1,38.95,"87"
"1270","Suzuki",1988,100,1.1,30.28,"88"
"1271","Suzuki",1989,100,1.3,35.28,"89"
"1272","Suzuki",1990,100,1.4,43.57,"90"
"1273","Suzuki",1991,80,1.4,35.25,"91"
"1274","Suzuki",1992,80,1.4,33.05,"92"
"1275","Suzuki",1993,63.2,1.5,28.19,"93"
"1276","Suzuki",1994,50,1.5,25.62,"94"
"1277","Suzuki",1995,100,1.1,26.8,"95"
"1278","Suzuki",1996,64.7,1.6,31.62,"96"
"1279","Suzuki",1997,60,1.6,28.55,"97"
"1280","Suzuki",1998,63.6,1.6,18.72,"98"
"1281","Suzuki",1999,53.8,1.9,25.89,"99"
"1282","Suzuki",2000,53.8,1.9,39.72,"00"
"1283","Suzuki",2001,42.9,2,33.13,"01"
"1284","Suzuki",2002,42.3,2.1,33.38,"02"
"1285","Suzuki",2003,31.8,2.2,37.61,"03"
"1286","Suzuki",2004,43.5,2.4,48.62,"04"
"1287","Suzuki",2005,56,2.2,67,"05"
"1288","Suzuki",2006,60.9,2.3,77.55,"06"
"1289","Suzuki",2007,68.4,2.4,83.79,"07"
"1290","Suzuki",2008,66.7,2.3,108.42,"08"
"1291","Suzuki",2009,45,2.6,68.99,"09"
"1292","Suzuki",2010,65.4,2.4,87.5,"10"
"1293","Suzuki",2011,73.9,2.3,118.71,"11"
"1294","Suzuki",2012,71.4,2.4,116.73,"12"
"1295","Suzuki",2013,87.5,2.2,111.95,"13"
"1296","Toyota",1984,51.5,2.1,66.48,"84"
"1297","Toyota",1985,53.7,2.1,61.47,"85"
"1298","Toyota",1986,44.6,2.2,31.6,"86"
"1299","Toyota",1987,48.4,2.2,38.95,"87"
"1300","Toyota",1988,49.3,2.1,30.28,"88"
"1301","Toyota",1989,42.4,2.2,35.28,"89"
"1302","Toyota",1990,44.8,2.3,43.57,"90"
"1303","Toyota",1991,39.7,2.3,35.25,"91"
"1304","Toyota",1992,36.2,2.4,33.05,"92"
"1305","Toyota",1993,30.5,2.5,28.19,"93"
"1306","Toyota",1994,38.8,2.4,25.62,"94"
"1307","Toyota",1995,37.1,2.5,26.8,"95"
"1308","Toyota",1996,38.2,2.5,31.62,"96"
"1309","Toyota",1997,42.6,2.5,28.55,"97"
"1310","Toyota",1998,40,2.6,18.72,"98"
"1311","Toyota",1999,49,2.4,25.89,"99"
"1312","Toyota",2000,39.6,2.7,39.72,"00"
"1313","Toyota",2001,41.2,2.7,33.13,"01"
"1314","Toyota",2002,46,2.8,33.38,"02"
"1315","Toyota",2003,49.1,2.8,37.61,"03"
"1316","Toyota",2004,44.6,2.9,48.62,"04"
"1317","Toyota",2005,47.2,2.9,67,"05"
"1318","Toyota",2006,40.4,3.2,77.55,"06"
"1319","Toyota",2007,42,3.3,83.79,"07"
"1320","Toyota",2008,38.8,3.5,108.42,"08"
"1321","Toyota",2009,47.3,3.4,68.99,"09"
"1322","Toyota",2010,47.3,3.4,87.5,"10"
"1323","Toyota",2011,43.9,3.3,118.71,"11"
"1324","Toyota",2012,47.3,3.3,116.73,"12"
"1325","Toyota",2013,49.1,3.2,111.95,"13"
"1326","Toyota",2014,50,3.2,100.31,"14"
"1327","Toyota",2015,54,3.2,53.05,"15"
"1328","Toyota",2016,55.3,3.1,43.73,"16"
"1329","Volkswagen",1984,47.6,1.8,66.48,"84"
"1330","Volkswagen",1985,50,1.9,61.47,"85"
"1331","Volkswagen",1986,50,1.9,31.6,"86"
"1332","Volkswagen",1987,60,1.9,38.95,"87"
"1333","Volkswagen",1988,55,1.9,30.28,"88"
"1334","Volkswagen",1989,71.4,1.9,35.28,"89"
"1335","Volkswagen",1990,57.9,1.9,43.57,"90"
"1336","Volkswagen",1991,52.6,1.9,35.25,"91"
"1337","Volkswagen",1992,55.6,2,33.05,"92"
"1338","Volkswagen",1993,34.6,2.3,28.19,"93"
"1339","Volkswagen",1994,14.3,2.5,25.62,"94"
"1340","Volkswagen",1995,35.3,2.4,26.8,"95"
"1341","Volkswagen",1996,40,2.4,31.62,"96"
"1342","Volkswagen",1997,42.9,2.5,28.55,"97"
"1343","Volkswagen",1998,57.9,2.3,18.72,"98"
"1344","Volkswagen",1999,52.4,2.4,25.89,"99"
"1345","Volkswagen",2000,60.6,2.2,39.72,"00"
"1346","Volkswagen",2001,57.1,2.2,33.13,"01"
"1347","Volkswagen",2002,64.3,2.3,33.38,"02"
"1348","Volkswagen",2003,70.7,2.3,37.61,"03"
"1349","Volkswagen",2004,63.8,2.5,48.62,"04"
"1350","Volkswagen",2005,71.4,2.3,67,"05"
"1351","Volkswagen",2006,75,2.7,77.55,"06"
"1352","Volkswagen",2007,76,2.6,83.79,"07"
"1353","Volkswagen",2008,77.8,2.6,108.42,"08"
"1354","Volkswagen",2009,71,2.5,68.99,"09"
"1355","Volkswagen",2010,70.4,2.5,87.5,"10"
"1356","Volkswagen",2011,75,2.4,118.71,"11"
"1357","Volkswagen",2012,86.2,2.4,116.73,"12"
"1358","Volkswagen",2013,85.3,2.4,111.95,"13"
"1359","Volkswagen",2014,88.9,2.2,100.31,"14"
"1360","Volkswagen",2015,90.6,2.1,53.05,"15"
"1361","Volkswagen",2016,93.9,2,43.73,"16"
"1362","Volvo",1984,20,2.3,66.48,"84"
"1363","Volvo",1985,20,2.3,61.47,"85"
"1364","Volvo",1986,30.8,2.3,31.6,"86"
"1365","Volvo",1987,25,2.4,38.95,"87"
"1366","Volvo",1988,14.3,2.4,30.28,"88"
"1367","Volvo",1989,0,2.3,35.28,"89"
"1368","Volvo",1990,0,2.3,43.57,"90"
"1369","Volvo",1991,15.8,2.3,35.25,"91"
"1370","Volvo",1992,7.7,2.4,33.05,"92"
"1371","Volvo",1993,0,2.4,28.19,"93"
"1372","Volvo",1994,0,2.4,25.62,"94"
"1373","Volvo",1995,0,2.4,26.8,"95"
"1374","Volvo",1996,0,2.5,31.62,"96"
"1375","Volvo",1997,0,2.5,28.55,"97"
"1376","Volvo",1998,0,2.4,18.72,"98"
"1377","Volvo",1999,0,2.4,25.89,"99"
"1378","Volvo",2000,8.7,2.4,39.72,"00"
"1379","Volvo",2001,8.3,2.4,33.13,"01"
"1380","Volvo",2002,9.1,2.4,33.38,"02"
"1381","Volvo",2003,26.1,2.4,37.61,"03"
"1382","Volvo",2004,29,2.4,48.62,"04"
"1383","Volvo",2005,38.9,2.5,67,"05"
"1384","Volvo",2006,35.9,2.5,77.55,"06"
"1385","Volvo",2007,27.5,2.6,83.79,"07"
"1386","Volvo",2008,42.4,2.7,108.42,"08"
"1387","Volvo",2009,42.4,2.7,68.99,"09"
"1388","Volvo",2010,58.6,2.8,87.5,"10"
"1389","Volvo",2011,38.9,3,118.71,"11"
"1390","Volvo",2012,26.7,3,116.73,"12"
"1391","Volvo",2013,37.5,2.9,111.95,"13"
"1392","Volvo",2014,23.1,3,100.31,"14"
"1393","Volvo",2015,66.7,2.5,53.05,"15"
"1394","Volvo",2016,73.1,2.3,43.73,"16"
